id,user_description,user_location,coordinates,text,geo,user_name,user_created,user_followers,id_str,created,retweet_count,user_bg_color,polarity,subjectivity
1,Catch @marcelluswiley & @emmanuelacho Monday-Friday 3pm ET/12pm PT on @FS1 and on FOX Sports on SiriusXM Ch. 83. Podcast: http://apple.co/2TEcLR1,"Los Angeles, CA",,.@EmmanuelAcho goes to the big board and tells us why Aaron Rodgers can‚Äôt trust the Green Bay Packers. https://t.co/EEVFZu0fyO,,SFY,2016-05-23T19:21:31,65593,1356740430549950466,2021-02-02T23:05:00,0,000000,-0.1,0.2
2,Host Doug Gottlieb Show on Fox Sports Radio/Iheart App-Fox Sports- Bball Analyst FS1/Stadium/Compass,"Orange County,CA ",,"RT @FoxSportsRadio: üìû Jordan Love w/ @GottliebShow: ""I'm here to develop and be the one to take over when Aaron Rodgers is out of here. Tha‚Ä¶",,GottliebShow,2009-04-24T13:59:06,256637,1356740456311185408,2021-02-02T23:05:06,0,C0DEED,0.5,0.6
3,forever mine,Guyana,,"RT @KathleenKatfox: Who's your team for Sunday?
Tampa Bay Buccaneers or
Kansas City Chiefs

Kansas for me since my Packers got cheated lol",,BeemrajBhagwan1,2020-08-18T14:39:08,2102,1356740515501383685,2021-02-02T23:05:20,0,F5F8FA,0.8,0.7
4,Graphic Design. Cricket. Leeds UTD,East Leeds,,@jgsmuzzy Haha armpit of the north? Not heard that phrase before! Anyhow... night from t‚Äôright side of t‚Äôhills üëçüèª‚Ä¶ https://t.co/yQyKpTvgLc,,RichJow,2009-02-12T16:59:21,798,1356740523483140100,2021-02-02T23:05:22,0,1A1B1F,0.26785714285714285,0.4178571428571428
5,#GoPackGo,"Oro-Medonte, Ontario",,Podcasters be telling former players capable of mauling them like a bear to shut up... sums up twitter,,d_e_miller,2014-05-24T12:33:01,1252,1356740532127604740,2021-02-02T23:05:24,0,C0DEED,0.1,0.2
6,#HailState‚öæ#Alumni $Carterstate Elton Jenkins Appreciation account,United States,,@mspears96 can yell all he wants but to blame Aaron Rodgers when teams like Tampa get to the super bowl with a QB w‚Ä¶ https://t.co/RVfkq6wcbV,,AshleyLaShon,2011-01-04T03:57:01,225,1356740616684793856,2021-02-02T23:05:44,0,352726,0.26666666666666666,0.3833333333333333
7,Just chasing a dream üèÉüèæ‚Äç‚ôÇÔ∏è #Accountant #Bookkeeper #Advisor #Packers #Father #BusinessOwner #Stocks,"Houston, TX ‚úà ",,Maybe I‚Äôm still sour about the Packers losing üò™,,rocsizzle,2010-01-14T00:35:39,871,1356740639648608256,2021-02-02T23:05:50,0,ACDED6,-0.15000000000000002,0.09999999999999999
8,"Western State Colorado‚úåÔ∏è There are blessings hidden in every struggle you face, but you have to be willing to open your heart and mind to see them.",,,"Check out what I just added to my closet on Poshmark: ""Packers"" Shirt Bundle. https://t.co/ubbiHWa6fZ via @poshmarkapp #shopmycloset",,ninabella27,2011-11-16T21:12:29,146,1356740644824211456,2021-02-02T23:05:51,0,000000,0.0,0.0
9,"TeachSF
49ers üèàRaiders Warriors üèÄGiants ‚öæÔ∏èA's Sharks üèíPolitricks üì∞",415,,Or... be like the NE Patriots and have a solid core led by an elite HC and QB. Coach up talent and constantly make‚Ä¶ https://t.co/iXy7nWU7WO,,JhulSF,2016-09-21T05:33:59,70,1356740689539682306,2021-02-02T23:06:02,0,F5F8FA,0.0,0.21666666666666667
10,atleast kids in Africa think the Packers are in the Super Bowl rn :(,"South Carolina, USA",,"Make sure to check out my new video, I think a lot of you would find it interesting. lmk how i did",,MSH_Pack,2017-03-29T14:12:35,101,1356740711496966145,2021-02-02T23:06:07,0,F5F8FA,0.37878787878787873,0.6144781144781145
11,Martin Ansah https://www.youtube.com/channel/UC8T7sj4U-UXDhPIzFQxisnA?view_as=subscriber,"USA. America, United States",,"RT @DaAnsahonSports: 1965 nfl championship game @JimBrownNFL32 vs Ray Nitschke

Ray Nitschke was 6‚Äô3 240. Ran 4.63. ( same speed as top 10‚Ä¶",,DaAnsahonSports,2009-12-06T13:45:50,52804,1356740725430452224,2021-02-02T23:06:10,0,DEADB4,0.033333333333333326,0.3416666666666666
12,,,,"@MrBopMarley @N2KBlue @FirstTake @mspears96 Tom Brady got the ball on the Packers side of the field twice, includin‚Ä¶ https://t.co/47DafCF01o",,ryand_997,2015-11-14T16:34:44,48,1356740759374999554,2021-02-02T23:06:18,0,C0DEED,0.0,0.0
13,#ThunderUp / #GoPackGo / #OnWisconsin,Dort‚Äôs World,,"If you told in 2012 that the Packers or Thunder would never make it back to the Super Bowl/Championship, I would‚Äôve‚Ä¶ https://t.co/hCjRIN7587",,OKCGBMcdub,2020-12-14T00:36:11,87,1356740794217091081,2021-02-02T23:06:27,0,F5F8FA,0.16666666666666666,0.3333333333333333
14,Former Manager of the University of Wisconsin Green Bay men‚Äôs basketball team for four years a division one team From 2015-2019 UWGB 2019 Graduate,,,"RT @FoxSportsRadio: üìû Jordan Love w/ @GottliebShow: ""I'm here to develop and be the one to take over when Aaron Rodgers is out of here. Tha‚Ä¶",,CeraWill,2013-01-20T22:21:20,455,1356740815943573511,2021-02-02T23:06:32,0,C0DEED,0.5,0.6
15,,"Manhattan, NY",,"RT @PFF_Packers: A.J. Dillon in the ""A"" gap as a rookie:

7.0 yards per attempt
3.8 yards after contact
6 missed tackles forced

#GoPackGo‚Ä¶",,ItsBrandyn_,2017-04-01T23:30:51,129,1356740859807608832,2021-02-02T23:06:42,0,F5F8FA,-0.30000000000000004,0.2
16,Boggi & MartinezTwins fandom‚ú®,üá≤üáΩ,,El amor que le tengo al Football americano y mis Packers es inmenso y me parece que este domingo me pierden,,martineezvogue,2020-11-21T02:30:39,149,1356740870289113096,2021-02-02T23:06:45,0,F5F8FA,0.0,0.0
17,Milwaukee‚Äôs Station For Sports Talk That Rocks! Call In: 414-799-1973,"Milwaukee, WI",,Via @FoxSportsRadio: Jordan Love is Ready to Step In Once The Packers Need Him https://t.co/beKcpRPXYt | 97.3 The Game,,TheGameMKE,2018-11-22T01:41:21,4030,1356740874789679106,2021-02-02T23:06:46,0,000000,0.09999999999999998,0.5
18,"An outdoor enthusiast who truly appreciates life. Go Bears, Cubs, Tarheels, and Badgers!","Appleton, WI",,Don't do it Jimmy!,,MikeBenisch,2013-10-25T17:19:40,98,1356740875200716801,2021-02-02T23:06:46,0,C0DEED,0.0,0.0
19,,RGV,,Packers QB Jordan Love joins The Doug Gottlieb Show! https://t.co/3cgJhfvhYC,,FOXSPORTS1700,2010-05-17T18:22:26,135,1356740876811313152,2021-02-02T23:06:46,0,131516,0.625,0.6
20,"We are Fox Sports 1070 Madison! 5a @ClayTravis , 8a @dpshow, 11a @TheHerd, 2p @MikeHellerShow +@FoxSportsRadio #OnWisconsin #ThisIsMyCrew #GoPackGo #FearTheDeer","Madison, WI",,Via @FoxSportsRadio: Jordan Love is Ready to Step In Once The Packers Need Him https://t.co/jUrDsVjYam,,FoxSports1070,2010-04-20T20:08:35,4200,1356740878220615680,2021-02-02T23:06:47,0,131516,0.35,0.55
21,"Attorney, Global citizen  and TBD. Retweets are not endorsements.","New Jersey, USA",,"Agreed with @mspears96 .
GreenBay's defense came up with 3 interceptions and Aaron Rodgers just got 6 points off th‚Ä¶ https://t.co/xrYYZHRPzd",,felixbleno,2012-03-03T01:09:52,174,1356740893504647168,2021-02-02T23:06:50,0,C0DEED,0.0,0.0
22,"#SchleFaZ
#rannfl
#diePARTEI
#Kaffeebande
#unkrautvergehtnicht
Bekennder Breakfast Club Fan",Cologne,,"@Kar0ne Mal trifft es die Colts, mal die Packers aber nie Brady",,SBVegetation,2020-11-16T03:34:47,79,1356740906402078723,2021-02-02T23:06:53,0,F5F8FA,0.0,0.0
23,"If you didn‚Äôt know me, you‚Äôd think I lived in Philadelphia.üëáüèº", ,,Somewhere @RealtTlkFlacco is cackling at this tweet.,,nickeakes,2009-05-12T05:11:50,320,1356740952162000899,2021-02-02T23:07:04,0,000000,0.0,0.0
24,UK & Irish Green Bay Packers fan group Founded by @RyanPeacockNFL & @SteDiddyNFL Biggest group outside the States. We are those guys you seen on #PackersLife,"UK, Ireland & Europe",,"üö® NEW PODCAST ALERT üö®

In today's podcast, @SteDiddyNFL and @daryljobrien amble through the latest #Packers' news,‚Ä¶ https://t.co/NnW7XMPI5w",,ukpackers,2013-04-29T19:11:02,10771,1356740979689160704,2021-02-02T23:07:11,0,113D13,0.3181818181818182,0.6772727272727272
25,22 | he/him | ABDL | furry/diaperfur | üîûüè≥Ô∏è‚Äçüåà still super new to all of this but I‚Äôm so happy to finally be hereü¶ï,Arizona,,"RT @VoreanKobold: So in my endless kink central; bodyswapping was one.

Imagine a regressor dragon who turns other dragons into obedient pa‚Ä¶",,bigcrinkle,2020-07-21T06:31:22,30,1356740984319537152,2021-02-02T23:07:12,0,F5F8FA,0.037500000000000006,0.56875
26,"We can build a website for you, manage your social media or create an e-commerce platform for you. All at affordable prices and high quality!",,,"RT @TheCounter: And while it's true small processors saw a major uptick in business when the big packers shut down, they're also mired in r‚Ä¶",,PopasMedia,2018-11-27T10:26:12,717,1356740998290898949,2021-02-02T23:07:15,0,000000,0.0013888888888888783,0.38777777777777783
27,Yee,"Newport Beach, CA",,@champagnebhaji @cattlecall3 @akashanav Fr. If we spend the number 12 pick on trask id rather kill myself. I‚Äôd rath‚Ä¶ https://t.co/p9RAByPpVz,,pornstarjimmyg,2013-05-13T21:16:41,0,1356741023351754755,2021-02-02T23:07:21,0,C0DEED,0.0,0.0
28,"Wisconsin Badgers news and opinion, part of the @FanSided network #OnWisconsin #GoBadgers","Madison, WI",,ICYMI:,,BadgerOfHonorFS,2011-06-17T06:03:50,1665,1356741024555671552,2021-02-02T23:07:21,0,FF0000,0.0,0.0
29,,"Aurora, Illinois",,Aaron Rodgers is ‚Äòhell-bent on revenge‚Äô against Packers: TJ Lang https://t.co/YjgubfZ2Pz,,EastwoodProject,2008-05-18T21:50:33,26,1356741089206693888,2021-02-02T23:07:37,0,C0DEED,0.0,0.0
30,"25. HUGE Wisconsin sports fan. Badgers, Packers, & Bucks. Contributor: @LombardiAve.","Wisconsin, USA",,RT @JJLahey: Matt LaFleur's full quote on Aaron Rodgers returning for the #Packers. https://t.co/E0KriCqmkd,,ParkerMoes,2012-07-14T06:10:43,11378,1356741095477100546,2021-02-02T23:07:38,0,C0DEED,0.35,0.55
31,"Dona e propriet√°ria da @Mamarys_SS, pseudo sex√≥loga de bar e gostosa nas horas vagas | Advogada das Plantas | 022 ‚ôä","Rio das Ostras, Brasil",,"RT @transcenderofc: APOSTO que voc√™s nunca viram tanta 'rola' em um lugar s√≥ üòÇ

Esse trabalho Incr√≠vel √© feito pela loja FTM STORE https://‚Ä¶",,Sacerpone,2013-06-18T01:46:54,1505,1356741104465555457,2021-02-02T23:07:40,0,131516,0.0,0.0
32,,"Richmond, IN",,"RT @BearsOnTap: Happy Birthday to the Father of the Bears/NFL. He‚Äôs everyone‚Äôs daddy, including the Packers. https://t.co/5w2qLgOdkD",,nickchaplin12,2019-08-09T01:04:52,13,1356741249148026881,2021-02-02T23:08:15,0,F5F8FA,0.8,1.0
33,@49ers / @Lakers / @Angels,,,"Packers seem keen on keeping Rodgers for one more year, I don‚Äôt believe any of the rumors that he‚Äôs getting moved.",,justasportsfann,2017-01-13T05:36:28,201,1356741294446370819,2021-02-02T23:08:26,0,F5F8FA,0.5,0.5
34,Suffering From Success üêçüíúüíõ,"Tegridy Farms, CL",,"RT @BigMack_4: He turned 32 yesterday, does he have a vintage moment in him??",,27_Akkk,2020-05-06T20:57:12,482,1356741327757733892,2021-02-02T23:08:34,0,F5F8FA,0.0,0.0
35,"Co-founder/Editor of world famous @ukpackers. Contributed to NBC, 620WTMJ, TMJ4, BBC5Live, TalkSport. Irishman. NFL pundit: @sport1068 Radio Show","Wicklow, Ireland",,"RT @ukpackers: üö® NEW PODCAST ALERT üö®

In today's podcast, @SteDiddyNFL and @daryljobrien amble through the latest #Packers' news, talk DCs‚Ä¶",,SteDiddyNFL,2010-05-04T15:47:53,2543,1356741364449505281,2021-02-02T23:08:42,0,C0DEED,0.3181818181818182,0.6772727272727272
36,Outchea. #WhoDat.,"U p t o w n, New Orleans.",,"@1sdoowregit Yep, two weeks ago I was A *LifeLong* Packers fan~Now I‚Äôm a *LifeLong Chiefs fan. It is what it is, haha.",,AnthonyArmour,2010-11-07T00:09:00,1189,1356741424323194883,2021-02-02T23:08:57,0,C0DEED,0.0,0.5
37,"Really simple sports. All on one page. Feeding your football appetite with news, rumors & analysis from multiple networks. Now part of @scoreboardpage.",United States,,"Jim Leonhard, Others In Contention For Packers‚Äô DC Job https://t.co/QK7BX7IcHk",,NFLonSP,2018-03-31T23:48:23,35,1356741451493695492,2021-02-02T23:09:03,0,F5F8FA,0.0,0.0
38,,,,@PatMcAfeeShow @TJLang70 @AaronRodgers12 Packers didn‚Äôt need a wr. There have been less than 5 wr drafted in the la‚Ä¶ https://t.co/mweZSBdrAC,,Steve07855138,2020-04-25T04:04:44,0,1356741467134447619,2021-02-02T23:09:07,0,F5F8FA,-0.16666666666666666,0.06666666666666667
39,"Senior Business Development Manager - The jobs you demand, from companies you know. In the community you trust. #HiringNow #Hiring https://t.co/AYF24A5OsP 402-243-6329","Omaha, NE",,"NFL: Aaron Rodgers wants 'revenge' on Packers, new deal https://t.co/7y8hlkZV2x via @Yahoo",,MikeZeigle,2009-04-30T01:37:35,3509,1356741490500861953,2021-02-02T23:09:13,0,C0DEED,0.16818181818181818,0.2772727272727273
40,"Writer @thesianetwork . Son, Nephew, Packers Fan for 30 years. CashApp: $davesmx6","Milwaukee, Wisconsin",,@PatrickTaylorJr hope you have a nice offseason and can't wait to see you get on the field next year. heal up and ball out man #gopackgo,,DavesMx6,2008-10-23T22:36:23,252,1356741568498122753,2021-02-02T23:09:31,0,C0DEED,0.3,0.5
41,,,,"RT @TheRealZSmith: So a guy at Walmart said, ‚ÄúYou look like that guy that play for the Packers!‚Äù I said, ‚ÄúWho Za‚ÄôDarius Smith?‚ÄùHe responds,‚Ä¶",,bridge_consult,2013-10-17T23:59:02,2,1356741573871075330,2021-02-02T23:09:32,0,C0DEED,0.0,0.0
42,#NFL Contributor for @LastWordOnNFL | #Packers Contributor for @LombardiAve,"Chicago, Illinois",,"'J.J. Watt and the Green Bay Packers would be a perfect fit' via @fansided

Turn down for Watt?! https://t.co/w2VQQjh2Cu",,WritingDavid,2014-09-05T04:41:28,1180,1356741590568628226,2021-02-02T23:09:36,0,000000,0.25138888888888894,0.4972222222222223
43,,,,@getOFFofDeeZ @Rodgers4eva @Chiefs Well the packers need to pack it up honey cause no,,KatyWithHearts1,2016-05-14T21:38:55,111,1356741592732692480,2021-02-02T23:09:37,0,F5F8FA,0.0,0.0
44,"NycRican. 
Retired.  Raised in NYC
Mariners Harbor Projects,
Staten Island(the forgotten borough)
Tampa,Fl. Forever
GREAT CITY. 
DO NOT MOVE HERE üôÇ","YborCity/Tampa,FL. 2008",,Bucs...,,escudvi205,2016-04-19T14:06:49,2165,1356741606037192705,2021-02-02T23:09:40,0,F5F8FA,0.0,0.0
45,Everybody calls me Korndog don‚Äôt be weird and call me something else. Fur father of two awesome puppers!,,,"RT @BigMack_4: He turned 32 yesterday, does he have a vintage moment in him??",,korey1732,2018-01-26T02:27:57,88,1356741727101550594,2021-02-02T23:10:09,0,F5F8FA,0.0,0.0
46,Tweets from your drunk buddy.,A bar too far.,,"@ImTheGrinchYo @Rooktiss @thekenword @PatMcAfeeShow @AaronRodgers12 Wow Skip Bayless says that too! That's so cool,‚Ä¶ https://t.co/klUJo7IwHe",,yourdrunkbuddy,2014-05-06T00:06:04,10,1356741748643557376,2021-02-02T23:10:14,0,C0DEED,0.125,1.0
47,Low life for life. ü§üüèæ,,,RT @packers: Larry McCarren takes a look at Green Bay's season-ending news conference &amp; Aaron Rodgers' MVP-caliber year in this edition of‚Ä¶,,cesarcerros8,2014-04-18T19:05:00,121,1356741907368448000,2021-02-02T23:10:52,0,C0DEED,-0.2,0.3
48,,,,@drewmandooo @TJLang70 Rodgers is also 1 year into his new contract he just signed-and pack is 30 mil over cap- wha‚Ä¶ https://t.co/MrjKMgndsu,,Steve07855138,2020-04-25T04:04:44,0,1356741949760434185,2021-02-02T23:11:02,0,F5F8FA,0.13636363636363635,0.45454545454545453
49,"Los Angeles, CA",,,"RT @barstoolsports: The Rams Reportedly Made a Run At Aaron Rodgers, But The Packers Told Them He's Going Absolutely Nowhere https://t.co/v‚Ä¶",,RVC213,2020-10-01T19:02:56,52,1356741960350855168,2021-02-02T23:11:05,0,F5F8FA,0.2,0.9
50,,,,"RT @Evan_Flood: Report: Jim Leonhard to interview for Packers vacant defensive coordinator position.

https://t.co/DKYRvOaCFD #Badgers http‚Ä¶",,j_kidwell03,2020-05-26T00:30:00,32,1356741976679477253,2021-02-02T23:11:08,0,F5F8FA,0.0,0.0
51,"Photographer from Des Moines , Lacrosse and Hockey Enthusiast , Follower of Jesus Christ","Iowa, USA",,"@cheaterwins @KrayzieRoach @EASPORTS So you bring up a Boring ass Game like Ohio State Alabama, Compare it to Bucca‚Ä¶ https://t.co/LdnUbt0EvY",,noahmbradleyia,2021-01-03T02:31:25,7,1356742000914161672,2021-02-02T23:11:14,0,F5F8FA,-0.7,0.7
52,,,,RT @JJLahey: Matt LaFleur's full quote on Aaron Rodgers returning for the #Packers. https://t.co/E0KriCqmkd,,Jesselee138,2011-03-24T13:15:50,44,1356742012159086600,2021-02-02T23:11:17,0,C0DEED,0.35,0.55
53,"dumb gay brainwashed bunny demon doll
~~~
25‚Ä¢he/him
~~~
 Master: @LordMefiialtez
~~~
üîû",,,"RT @VoreanKobold: So in my endless kink central; bodyswapping was one.

Imagine a regressor dragon who turns other dragons into obedient pa‚Ä¶",,DontisCharr,2017-06-30T02:30:55,452,1356742100734406656,2021-02-02T23:11:38,0,000000,0.037500000000000006,0.56875
54,The Snowbunny Plow King.,"Milwaukee, WI",,PERFECT!!! ü§£ü§£ü§£ü§£,,RazeTastic414,2017-03-20T20:47:23,220,1356742151116316673,2021-02-02T23:11:50,0,000000,1.0,1.0
55,"Despite what your momma told you, violence does solve problems #HDEU Professional Shit Talker #KCCO fuck the words let's just be friends",,,"@c_jumpout @TheHerd @ColinCowherd Has Rodgers carried the team before? Yep, has he the last two years? Absolutely n‚Ä¶ https://t.co/mVeI2JpIQf",,Ramblin_Iowa,2013-08-19T04:28:58,2125,1356742204555935746,2021-02-02T23:12:03,0,030303,0.1,0.48333333333333334
56,,,,"RT @VoreanKobold: So in my endless kink central; bodyswapping was one.

Imagine a regressor dragon who turns other dragons into obedient pa‚Ä¶",,justapileofbone,2020-10-22T23:11:03,7,1356742302178312192,2021-02-02T23:12:26,0,F5F8FA,0.037500000000000006,0.56875
57,Cache Valley is a beautiful place to call home. @CVDaily @KVNU @1069thefan,"Providence, UT",,"RT @FoxSportsRadio: üìû Jordan Love w/ @GottliebShow: ""I'm here to develop and be the one to take over when Aaron Rodgers is out of here. Tha‚Ä¶",,efrandsen,2009-11-11T21:47:50,1456,1356742334973681664,2021-02-02T23:12:34,0,A4C4C4,0.5,0.6
58,,"Arlington, TX",,"Jordan Love on Packers' QB plans, commitment to Aaron Rodgers: 'I don't make those calls' https://t.co/wUc710dqCL",,Tony_Mach1,2015-06-01T20:31:22,74,1356742380318294017,2021-02-02T23:12:45,0,C0DEED,0.5,0.6
59,I spy with my green eye Republican treachery. Prosecute every insurrectionist! Where‚Äôs my edit tweet option? Weather nerd. @packers owner! #WearAMask #BLM ‚úäüèª,Republican Police State of WI,,"@KathleenKatfox I am sick of Tom Trumper Brady being in the Super Bowl. Plus the fact that he beat my Packers, I ho‚Ä¶ https://t.co/E0pU0FGUeV",,EyeOfTheIdol,2017-01-07T03:39:47,13125,1356742413616832515,2021-02-02T23:12:53,0,000000,-0.1904761904761905,0.7619047619047619
60,Backup for @YelichMVP #GoPackGo #FearTheDeer #ThisIsmycrew #TravonYelich2042 fuck magtards,,,"RT @packersproshop: THANK YOU to the best fans! Get 25% off* now. 

(*Some exclusions may apply.) 
üì∏: basilmaethecorgi, thegoldenpuplily

üíö‚Ä¶",,DevinForever38,2021-01-29T17:41:40,93,1356742437696200706,2021-02-02T23:12:58,0,F5F8FA,1.0,0.3
61,"Montgomery College alumni. WAU student. Focusing on pop culture, true crime, sports, politics, #ClimateChange & more. It's time to lead the way for the U.S.A.!","Washington, DC/Baltimore, MD",,Green Bay Packers general manager Brian Gutekunst and coach Matt LaFleur both expressed a commitment to Aaron Rodge‚Ä¶ https://t.co/RTmS96O3co,,TBlackwe85,2015-07-08T21:35:30,723,1356742512619249668,2021-02-02T23:13:16,0,000000,-0.075,0.4
62,tOSU ‚Äò23‚ûñIG: tb6_era,,,"RT @PatMcAfeeShow: ""Inevitably the backup QB is the most popular man in the city.. 

Unless you're behind an @AaronRodgers12 or @PatrickMah‚Ä¶",,tbelcher6,2014-05-02T04:07:43,2793,1356742534781886465,2021-02-02T23:13:22,0,C0DEED,0.17500000000000002,0.7749999999999999
63,"Chicago born & raised. Green Bay Packers, Chicago Blackhawks, B1G Ten Football & Basketball, Iowa Hawkeyes & overall mascot lover. Lisa, Jack & Charlotte.",chicago,,"RT @PatMcAfeeShow: ""I don't think he's going to go anywhere but I think he understands that he has the leverage right now to say if I'm goi‚Ä¶",,JeffByczek,2014-01-21T02:34:42,102,1356742667179335681,2021-02-02T23:13:53,0,C0DEED,0.2857142857142857,0.5357142857142857
64,I'm a narcissist.,,,"Is there a more thankless job in the NFL than #Packers DC? Rodgers gets all the credit if they win, and you get all‚Ä¶ https://t.co/PpCnuljxOo",,Dan_Zinski,2011-08-12T23:32:04,508,1356742704009515009,2021-02-02T23:14:02,0,C0DEED,0.65,0.45
65,"Probably tweeting about cricket, Aaron Rodgers, football, the NFL or the NBA. Packers/Celtics/Manchester United/CSK/Team India. Conference Championship hater.",,,"@Buccaneers @TomPelissero I'm a green bay fan, i do not like the bucs. However, this is absolute BS. If you're play‚Ä¶ https://t.co/TxC1ITxEVQ",,ddtweets420,2018-12-31T08:37:56,113,1356742721680142336,2021-02-02T23:14:06,0,F5F8FA,0.0,0.6
66,Wesssst Coasssst ü§ô,"Calabasas, CA",,@NFL @packers @usnikefootball No way I‚Äôd let my daughter do some bullshit like this,,RobnHoodTrade,2020-08-29T00:35:55,23,1356742744559992841,2021-02-02T23:14:12,0,F5F8FA,0.0,0.0
67,Proud to be followed by @Lexus @LexusRacingUSA and @Lexus_EU,,,"@NUFC_fan
https://t.co/28ilOXyn3A",,lexuspilot,2012-01-20T00:15:53,527,1356742754139836417,2021-02-02T23:14:14,0,C0DEED,0.0,0.0
68,Hi! I'm a twitter bot that can look through a user's tweets and try to tweet like them!!,"Madison, Wisconsin",,Hrs of any player to never appear in the world series. News on kenny phillips gets worse apparently. #bobglauber or‚Ä¶ https://t.co/fe1JSU9M9K,,MarkovSports,2017-12-06T21:21:34,6,1356742820665712642,2021-02-02T23:14:30,0,F5F8FA,-0.17500000000000002,0.475
69,MSU ‚Äò24,"Michigan, USA",,@DetvrsEverybody Mine = Corey Linsley on the packers he is such a scrap,,knape616,2018-11-09T00:21:40,65,1356742850038308864,2021-02-02T23:14:37,0,F5F8FA,0.0,0.5
70,All things Real Estate,"Wayne, NJ",,Hiring professional packers can take the stress and hassle of #packing for a #relocation off your shoulders.‚Ä¶ https://t.co/j7XQu0B06A,,JerseyLifeRE,2019-01-10T11:32:18,3,1356742895341105152,2021-02-02T23:14:47,0,F5F8FA,0.1,0.1
71,,,,@TylerKautzman @TomBrady Lmao and the packers still couldn‚Äôt beat them,,skolvikings51,2020-02-03T06:39:28,3,1356742942053007368,2021-02-02T23:14:59,0,F5F8FA,0.6,1.0
72,"Fear c√©ile, athair, mac, dearth√°ir agus dl√≠od√≥ir.",Cayman Islands,,@ukpackers @SteDiddyNFL It's a consoling salve to a harried soul. A soothing balm to an agitated mind. Give it a listen. #GoPackGo,,daryljobrien,2019-12-19T01:28:01,106,1356742949040701440,2021-02-02T23:15:00,0,F5F8FA,0.0,0.0
73,Snapchat: Supermario644 Facebook:Mario Lunar,"Milwaukee, WI",,@zakklemmerrr @mannypowerss @anthonyvotojr @FirstTake @mspears96 And also when the packers got those turnovers his‚Ä¶ https://t.co/qMVgNYIVoa,,Mario74724848,2019-11-28T19:28:40,32,1356742978300243973,2021-02-02T23:15:07,0,F5F8FA,0.0,0.0
74,,,,"@Buccaneers You guys earned the right to play at your home!!! 
Use everything you have!
-A Packers fan",,Jfco26,2009-07-10T19:30:46,112,1356742997585637382,2021-02-02T23:15:12,0,C1EBC2,0.6975446428571428,0.5357142857142857
75,Just a guy on the web.,Massachusetts,,@Whinertroll @BuffaloSabres06 @Buccaneers How about the packers constantly false starting and holding to save their‚Ä¶ https://t.co/yQBn6kJwLI,,ItsACakeWaIk,2015-09-26T08:10:26,65,1356743116284452865,2021-02-02T23:15:40,0,000000,-0.20000000000000004,0.35
76,"Big Stinky account. Expect AB/DL, poop, and other things.18+ minors blocked on sight. I don't RP. Himbab/Thembab Header by @Kommigrend I don't support cub porn",,,"RT @VoreanKobold: So in my endless kink central; bodyswapping was one.

Imagine a regressor dragon who turns other dragons into obedient pa‚Ä¶",,Nastymemories1,2018-11-19T23:13:27,195,1356743242612699139,2021-02-02T23:16:10,0,F5F8FA,0.037500000000000006,0.56875
77,,"Cleveland, OH",,"RT @barstoolsports: The Rams Reportedly Made a Run At Aaron Rodgers, But The Packers Told Them He's Going Absolutely Nowhere https://t.co/v‚Ä¶",,jaman012,2020-12-03T04:41:04,1,1356743253509439496,2021-02-02T23:16:13,0,F5F8FA,0.2,0.9
78,Lipstick enthusiast.,,,"Oh, also, I‚Äôm very worried about owners of @packers stocks!",,allycatproblems,2009-06-01T14:49:25,324,1356743283532124161,2021-02-02T23:16:20,0,EB6CC3,0.25,0.3
79,The Best Ever,"Merida, Yuc. Mex.",,@alvaropeon14 @AaronRodgers12 https://t.co/ruu8ZuTyKQ,,roger__mendez,2010-06-27T17:12:56,409,1356743302595420160,2021-02-02T23:16:25,0,022330,0.0,0.0
80,#BlackLivesMatter #BlackMentalHealthMatters #TheMarathonContinuesüèÅ Louisiana Made. Louisiana Raised. Louisiana Proud. #StriveForGreatnessüöÄüá¨üá∫,985üõ¨323 ,,RT @WerderEdESPN: Former #Seahawks DC and #Cowboys assistant Kris Richard confirmed he‚Äôs joining the #Saints as DB coach. He interviewed fo‚Ä¶,,LosTnMyTh0ughTz,2020-09-26T00:29:04,188,1356743423890489345,2021-02-02T23:16:53,0,F5F8FA,0.2,0.5
81,Big time Bears&Cubs fan. Umpire and referee 12yrs.,"Caldwell, ID",,"RT @BearsOnTap: Happy Birthday to the Father of the Bears/NFL. He‚Äôs everyone‚Äôs daddy, including the Packers. https://t.co/5w2qLgOdkD",,ortizgilbert1,2013-11-13T21:42:07,149,1356743438180356096,2021-02-02T23:16:57,0,C0DEED,0.8,1.0
82,Life is a beautiful lie & Death is the ugly truth. 609.,,,I‚Äôm gonna be tilted for the super bowl rooting for the @packers üòÇ,,T_Dvnne,2011-08-04T23:15:01,279,1356743458308956162,2021-02-02T23:17:02,0,C0DEED,0.3333333333333333,0.6666666666666666
83,I farm hometown Andy's,,,@johnysquarepla1 @OfficerWinsIow @barstoolsports aaron was a fifth round pick you act like the packers knew exactly‚Ä¶ https://t.co/V6WFtgytgD,,_m0nkaS,2020-07-01T06:46:38,6,1356743545202364422,2021-02-02T23:17:22,0,F5F8FA,-0.2,0.4
84,The Best Ever,"Merida, Yuc. Mex.",,@carlosfcosh @AaronRodgers12 Le gusta y puede hacerlo aun al m√°s alto nivel... por qu√© no seguir cuando juegas tan‚Ä¶ https://t.co/LZGTHcopwF,,roger__mendez,2010-06-27T17:12:56,409,1356743562738696198,2021-02-02T23:17:27,0,022330,0.0,0.0
85,#Shadower71 #GoddessofChaos #MomOf6 #MimisOf5,"Gilbert, AZ",,"RT @TheCounter: John Thune says, ""there's a lot of concerns about lack of competition among meatpackers,"" and notes that four packers have‚Ä¶",,GodessofChaos71,2013-10-02T09:42:29,2502,1356743567717277697,2021-02-02T23:17:28,0,C0DEED,0.0,0.0
86,,,,@Bmaafi @JacobMorley @packers You might want to look at Wisconsin's defenses when he's been in charge. He's pretty good,,PollnowBrian,2012-01-07T07:40:54,30,1356743597698265096,2021-02-02T23:17:35,0,C0DEED,0.475,0.8
87,"Retired after working for 45 years!  Love the Clemson Tigers, New York Yankees and Green Bay Packers.","South Carolina, USA",,@PackersNotes Mark Murphy needs to be ‚ÄúAll In‚Äù with the success of the Packers or resign!  It is BS to Not Hire the‚Ä¶ https://t.co/ttNVsGnjmE,,JimMcGonnell1,2017-01-20T23:14:50,150,1356743633140129797,2021-02-02T23:17:43,0,F5F8FA,0.375,0.0
88,#Shadower71 #GoddessofChaos #MomOf6 #MimisOf5,"Gilbert, AZ",,"RT @TheCounter: Vilsack, as it relates to Packers and Stockyards, ""We're gonna look at every vehicle we have,"" and ""every capacity we have‚Ä¶",,GodessofChaos71,2013-10-02T09:42:29,2502,1356743654447009792,2021-02-02T23:17:48,0,C0DEED,0.0,0.0
89,"News and analysis on Wisconsin preps, #Badgers, #Packers, #Brewers and more, from the sports staff of @WiStateJournal.","Madison, WI",,"For Jim Leonhard, would allure of Packers, NFL be enough to make him leave the ‚Äòdream job‚Äô he loves? https://t.co/Md1edAsroB",,MadisonSport,2010-05-22T14:42:57,5536,1356743711502200833,2021-02-02T23:18:02,0,1C1C1C,0.0,0.5
90,,,,"@JamesPalmerTV Don,t do it Packers. 
He is washed up since
2 injury. The old Gray Mayer ain,t want she used
To be.",,rick_reuter,2019-11-24T23:06:38,0,1356743748030357507,2021-02-02T23:18:11,0,F5F8FA,0.1,0.2
91,The Best Ever,"Merida, Yuc. Mex.",,"@Jerry85 @AaronRodgers12 Son igual de buenos, ambos han llevado a sus equipos a ganar 1 SuperBowl... quiz√°s Brady t‚Ä¶ https://t.co/e9eJPC3ltc",,roger__mendez,2010-06-27T17:12:56,409,1356743804997558276,2021-02-02T23:18:24,0,022330,0.0,0.0
92,"DropNet Bassist, Singer, Art","Indian River County, Florida",,@Eagles @EaglesXOs &amp; @GreenbaypackNFL . How about @AaronRodgers12 4 @cj_wentz ?? .. @PatMcAfeeShow @AdamSchefter ..‚Ä¶ https://t.co/4VxEt26ltl,,ShabooRU,2012-11-27T02:04:50,88,1356743808780800003,2021-02-02T23:18:25,0,C0DEED,0.0,0.0
93,"STL R&B group MOTRE...KC bred...KC Stand up. Lovin my two cities...Christian 1st, Family 2nd, Music 3rd, Bball, & CHIEFS KINGDOM TIL I DIE!!! Blessed in my life",Tryin to be in yo speakers...,,"Man, talk to‚Äôemüí™üèæüí™üèæüí™üèæ I lost respect for @AaronRodgers12 when he blamed that loss ALL on Matt L.  He had his chance‚Ä¶ https://t.co/k7X3go9hF8",,MoTreJaeCi,2009-11-11T18:43:39,635,1356743895217041413,2021-02-02T23:18:46,0,ACDED6,0.0,0.0
94,,,,@up4nething45 What's the excuse for his Packers? You know since he's a GM and all.,,bjonesy99,2009-09-06T19:49:03,90,1356743935314526210,2021-02-02T23:18:55,0,C0DEED,-0.05,0.05
95,The Best Ever,"Merida, Yuc. Mex.",,@Rafaelcapeto @Jerry85 @AaronRodgers12 https://t.co/w9NiL8GBeH,,roger__mendez,2010-06-27T17:12:56,409,1356743947922604040,2021-02-02T23:18:58,0,022330,0.0,0.0
96,"Army Veteran, Locomotive Engineer and full on Husker, its never too cold and never too hot.","Houston, TX",,@ColinCowherd Keep talking yourself into it everybody love the Packers last week also. https://t.co/PBX2YEB02W,,BMorelatt,2016-06-08T04:53:09,6,1356743951093358594,2021-02-02T23:18:59,0,F5F8FA,0.25,0.3333333333333333
97,24/7 national sports coverage and programming. Full list of affiliates: http://www.cbssportsradio.com/stations,,,‚ÄúThe main thing he told me was the media is going to try to paint a picture of our relationship [but] don't listen‚Ä¶ https://t.co/uT0FZgcmf3,,CBSSportsRadio,2012-09-07T18:38:22,34750,1356743954608357378,2021-02-02T23:19:00,0,131516,0.16666666666666666,0.3333333333333333
98,‚ö°Ô∏è5-1-1‚ö°Ô∏èIn this household we Stan Andrei Vasilevskiy,,,"@Whinertroll @Buccaneers 6 points off 3 turnovers, kicking a field goal down 8 points with less than 2 minutes. That‚Äôs the Packers fault",,jstnsznn,2015-12-06T03:26:22,224,1356743962086760448,2021-02-02T23:19:02,0,C0DEED,-0.16111111111111112,0.17777777777777778
99,"News and analysis on Wisconsin preps, #Badgers, #Packers, #Brewers and more, from the sports staff of @WiStateJournal.","Madison, WI",,An NFL source confirmed LaFleur was set to talk with University of Wisconsin defensive coordinator Jim Leonhard abo‚Ä¶ https://t.co/x8GOQysTXV,,MadisonSport,2010-05-22T14:42:57,5534,1356743977123340290,2021-02-02T23:19:05,0,1C1C1C,0.4,1.0
100,"Sales Director, Nicholls St. grad & football alum, Tulane MBA, Saints, Pels, #geauxcolonels #rollwave New Orleans livin, cop‚Äôs Son","New Orleans, LA",,"@AndyHermanNFL Sorry man, Saints we‚Äôre beating the packers.  Took 4-0 TO margin aberration for them to beat the sai‚Ä¶ https://t.co/2YuMz7JFHj",,David_LeBoeuf,2009-03-19T03:46:04,452,1356743985709142016,2021-02-02T23:19:07,0,C0DEED,-0.5,1.0
101,The Best Ever,"Merida, Yuc. Mex.",,@Jerry85 @Rafaelcapeto @AaronRodgers12 https://t.co/8HjCDogSvQ,,roger__mendez,2010-06-27T17:12:56,409,1356744045356322816,2021-02-02T23:19:22,0,022330,0.0,0.0
102,NFL writer. PFWA. Film/TV buff. The luckiest QB in NFL history and the greatest QB in NFL history are two different people.,"Pittsburgh, PA",,"Most net yards gained via Defensive Pass Interference since 2009
1. 2020 Bucs +317
2. 2015 Packers +275
3. 2014 Rav‚Ä¶ https://t.co/sfg7YYrJLU",,ScottKacsmar,2011-07-27T07:53:41,21265,1356744118429491201,2021-02-02T23:19:39,0,1A171A,0.25,0.25
103,"Welcome to The Freedom Cage Podcast Twitter Feed!
Every 1st & 15th of the month we lock in to a free state of mind with your host @SenorLee_FCP & @KenKapnik",,,"Who do you feel was responsible for the Packers loss in the NFC Championship game?

What happened to Aaron Rodgers?‚Ä¶ https://t.co/ztcgdMUGWO",,FreedomCagePod,2020-12-06T18:47:26,3,1356744120061071364,2021-02-02T23:19:39,0,F5F8FA,-0.1,0.47500000000000003
104,FUKK THE WORLD,,,"RT @FirstTake: ""Aaron Rodgers has been in the NFC Championship back-to-back years with the Green Bay Packers, and we don't want to acknowle‚Ä¶",,Tommy_Hilfucker,2011-02-20T00:30:21,1680,1356744165971886080,2021-02-02T23:19:50,0,C0DEED,-0.2,0.3
105,"Manson of the game, Malcolm with the sixteens",,,"RT @LilySZhao: #Packers Jamaal Williams (@jswaggdaddy) and his family spread some holiday cheer for 10 families in need. 

This was a fun s‚Ä¶",,dannyflowerzzz,2014-12-29T19:59:28,297,1356744208753819655,2021-02-02T23:20:01,0,C0DEED,0.3,0.2
106,Im American as it gets.,,,@FirstTake @mspears96 For the 1 billionth time you cant blame Aaron for the Packers play off loses! The average PPG‚Ä¶ https://t.co/8RDwNT8mFS,,ThePackFan12,2012-02-25T00:31:12,38,1356744211530477573,2021-02-02T23:20:01,0,C0DEED,-0.2625,0.25
107,Sports HostüéôStand Up | Host of Moneyline Monaco on the NEW Colin Cowherd @thevolumesports Network üèàüèÄ‚öæÔ∏è‚öΩÔ∏èüëá #90sbaby,"Los Angeles, CA",,"Super Bowl GAMBLING TALK ALL WEEK!! üéôüèàüèÜ

We‚Äôre staring at the 2nd HIGHEST OVER/UNDER Super Bowl Sunday TOTAL ever a‚Ä¶ https://t.co/xwi3xAspqS",,Alex__Monaco,2009-08-15T00:40:05,2282,1356744246498271234,2021-02-02T23:20:10,0,C0DEED,0.21354166666666663,0.5208333333333333
108,Let's see how long Twitter can stay cordial.. probably not long...,"Maryland, USA",,@The_Glonk That‚Äôs what I said.. so how badly did the packers want him if they‚Äôre literally bidding against one othe‚Ä¶ https://t.co/I3hyQfarht,,TankHmfk10,2018-10-05T19:51:30,127,1356744278496673794,2021-02-02T23:20:17,0,F5F8FA,-0.6999999999999998,0.6666666666666666
109,"Sports conversations (and challenges) with Pro Athletes, Sports personalities & Comedians HOSTED by @Alex__Monaco | PODcast on iTUNES","Los Angeles, CA",,"RT @Alex__Monaco: Super Bowl GAMBLING TALK ALL WEEK!! üéôüèàüèÜ

We‚Äôre staring at the 2nd HIGHEST OVER/UNDER Super Bowl Sunday TOTAL ever at 56.5‚Ä¶",,XtraOrdSports,2011-05-24T17:58:47,1122,1356744340752670721,2021-02-02T23:20:32,0,131516,0.21354166666666663,0.5208333333333333
110,Sick of being hurt by sports. I don't care about anything anymore,"Mount Pleasant, WI",,RT @RossUglem: Then why didn‚Äôt you.... you know what? Never mind.,,TylerKautzman,2017-07-15T00:18:54,161,1356744401729449985,2021-02-02T23:20:47,0,F5F8FA,0.0,0.0
111,,"Wisconsin, USA",,"RT @MadisonSport: For Jim Leonhard, would allure of Packers, NFL be enough to make him leave the ‚Äòdream job‚Äô he loves? https://t.co/Md1edAs‚Ä¶",,luvsthebadgers,2012-03-21T18:59:56,25,1356744457387974656,2021-02-02T23:21:00,0,C0DEED,0.0,0.5
112,,,,@_m0nkaS @OfficerWinsIow @barstoolsports You've obviously got an axe to grind.  Saying the packers haven't done any‚Ä¶ https://t.co/WQl4b7c7qK,,johnysquarepla1,2015-10-02T03:17:30,9,1356744502912901120,2021-02-02T23:21:11,0,C0DEED,0.0,0.5
113,Phillies fan to the core. 6+4+3=2. I feel sorry for the idiots who have their previous ‚Äúpronouns‚Äù in their social media profiles.  Wake the fuck up!,,,"RT @TheRealZSmith: So a guy at Walmart said, ‚ÄúYou look like that guy that play for the Packers!‚Äù I said, ‚ÄúWho Za‚ÄôDarius Smith?‚ÄùHe responds,‚Ä¶",,PhilsandJenn,2020-05-15T01:14:40,305,1356744533292306432,2021-02-02T23:21:18,0,F5F8FA,0.0,0.0
114,hey just another someone,,,@FirstTake @mspears96 The packers do not take care of Aaron Rodgers. Belichick gets killed for the same false reaso‚Ä¶ https://t.co/ouyHn5M2wO,,BillyShorr,2020-06-24T20:40:14,5,1356744625810194433,2021-02-02T23:21:40,0,F5F8FA,-0.20000000000000004,0.24166666666666667
115,,,,@PatMcAfeeShow @AaronRodgers12 @PatrickMahomes Let‚Äôs talk @ReidSinnett he‚Äôs the real deal #totallybiased,,mollcop19,2012-06-29T17:44:59,272,1356744626397458433,2021-02-02T23:21:40,0,C0DEED,0.2,0.30000000000000004
116,Im American as it gets.,,,@FirstTake @mspears96 2/2. Name me a loss where the Packers offense being on the field couldn‚Äôt get the win. Find m‚Ä¶ https://t.co/HbnfEJy4br,,ThePackFan12,2012-02-25T00:31:12,38,1356744642394533889,2021-02-02T23:21:44,0,C0DEED,0.8,0.4
117,living the dream in So Cal. Husband and father to two beautiful girls. Paintball player. Packers and Lakers fan.,"Perris, CA",,@PollnowBrian @JacobMorley @packers And chip kelly had amazing offenses at oregon and busted in the nfl....so just‚Ä¶ https://t.co/zTxIhXeQKB,,Bmaafi,2009-08-31T18:16:44,25,1356744656634056704,2021-02-02T23:21:47,0,709397,0.6000000000000001,0.9
118,,,,@RossUglem Packers haven‚Äôt interviewed him,,namoora7,2020-05-29T22:37:48,44,1356744695389564935,2021-02-02T23:21:57,0,F5F8FA,0.0,0.0
119,Follow my iG:nailsbymegan,,,"RT @TheRealZSmith: So a guy at Walmart said, ‚ÄúYou look like that guy that play for the Packers!‚Äù I said, ‚ÄúWho Za‚ÄôDarius Smith?‚ÄùHe responds,‚Ä¶",,meganwh53049195,2020-12-24T21:54:07,21,1356744835764527108,2021-02-02T23:22:30,0,F5F8FA,0.0,0.0
120,,,,"RT @packerzone: NT„ÇØ„É©„Éº„ÇØ„ÅØ8Êúà„Å´„ÄÅLT„Éê„ÇØ„ÉÜ„Ç£„Ç¢„É™„ÅØ11Êúà„Å´Â§ßÂûãÂ•ëÁ¥Ñ„ÇíÁ∑†Áµê„ÄÇ‰∏ª„Å™FA‰∫àÂÆöÈÅ∏Êâã„ÅØ‰ª•‰∏ã„ÅÆ„Å®„Åä„Çä

RB„Ç∏„Éß„Éº„É≥„Ç∫
RB„Ç∏„É£„Éû„Éº„É´„Éª„Ç¶„Ç£„É™„Ç¢„É†„Ç∫
RB/KR„Ç¢„Éº„É¥„Ç£„É≥
TE„É´„Ç§„Çπ
C„É™„É≥„Ç∫„É™„Éº
OG„É¨„Éº„É≥„Éª„ÉÜ„Ç§„É©„Éº
CB„Ç≠„É≥„Ç∞
DL„É¢„É≥„Éà„É©„É¥„Ç£„Ç¢„Çπ‚Ä¶",,narumiakira,2013-03-01T10:37:00,1417,1356744866013741060,2021-02-02T23:22:37,0,C0DEED,0.0,0.0
121,Saxophonist | Actor | Vet üá∫üá∏ | #beardown,"Chicago, IL",,"RT @FirstTake: ""Aaron Rodgers has been in the NFC Championship back-to-back years with the Green Bay Packers, and we don't want to acknowle‚Ä¶",,saxophone_slim,2013-01-15T05:44:53,119,1356744972435873797,2021-02-02T23:23:03,0,C0DEED,-0.2,0.3
122,"#Madison's largest reporting team. The best source for news, analysis and features about #Wisconsin business, politics, crime, entertainment, sports and more!","Madison, Wisconsin",,"For Jim Leonhard, would allure of Packers, NFL be enough to make him leave the ‚Äòdream job‚Äô he loves? https://t.co/MImA4uJB1s",,WiStateJournal,2008-08-06T17:28:34,79710,1356745213662949376,2021-02-02T23:24:00,0,74BEE9,0.0,0.5
123,hey just another someone,,,@FirstTake @mspears96 Rodgers offensive line failed him major in the Tampa game. He is the epitome of a QB who real‚Ä¶ https://t.co/FPFdvfqJHc,,BillyShorr,2020-06-24T20:40:14,5,1356745218696097805,2021-02-02T23:24:01,0,F5F8FA,-0.2791666666666667,0.4000000000000001
124,How can I help?,"Richmond, Virginia ",,RT @AaronRodgers12: Ya that was me üí™üèºüòÇ Listen to @OfficialAJHawk and it was @DavidBakhtiari ‚Äòs truck and soggy beer cases. How ya doin keep‚Ä¶,,lgtischler,2009-08-05T11:57:56,91,1356745236379238401,2021-02-02T23:24:06,0,C0DEED,0.0,0.0
125,Ball is life,,,@Whinertroll @BuffaloSabres06 @Buccaneers Packers fans avoiding to acknowledge Rodgers didn‚Äôt do shot with the 3 tu‚Ä¶ https://t.co/J1DPIDVAp0,,bunchapansies,2019-09-23T22:56:13,15,1356745268968841216,2021-02-02T23:24:13,0,F5F8FA,0.0,0.0
126,Unsigned Artist üìù SC: RegariusüëªIG:24thstreetbubba üì∏,"Monroe, LA",,"RT @AndyHermanNFL: If the Saints beat the Bucs the Packers are in the Super Bowl.

If Jared Cook doesn‚Äôt fumble the Saints beat the Bucs.‚Ä¶",,24ThStreetBubba,2011-12-09T21:52:42,4147,1356745309284675586,2021-02-02T23:24:23,0,000000,0.3333333333333333,0.6666666666666666
127,,,,@JJLahey @TJLang70 @AaronNagler @PatMcAfeeShow @AaronRodgers12 Based on that amazing arm talent and pocket awarenes‚Ä¶ https://t.co/dbg8BIaB2H,,cscottlager,2012-10-06T01:31:27,16,1356745344072171521,2021-02-02T23:24:31,0,C0DEED,0.6000000000000001,0.9
128,#WMU IG: Nikko.Payton,"Westwood, MI",,"RT @FirstTake: ""Aaron Rodgers has been in the NFC Championship back-to-back years with the Green Bay Packers, and we don't want to acknowle‚Ä¶",,Nikkopayton,2010-07-18T07:08:38,2258,1356745384043905024,2021-02-02T23:24:41,0,0099B9,-0.2,0.3
129,,,,@TheeNelDog @Joe_Fann Don‚Äôt you mean the McCarthy/La Fluer Packers?,,snowboard0159,2019-04-16T15:09:22,0,1356745411201961984,2021-02-02T23:24:47,0,F5F8FA,-0.3125,0.6875
130,"Rochester's Sports Talk - Home of @claytravis, @dpshow, @ColinCowherd and @GotliebShow. Make Your Vote Count, #Rochester: https://ihr.fm/2HAtvId","Rochester, NY",,Packers QB Jordan Love joins The Doug Gottlieb Show! https://t.co/Ah07wKvI7y,,FoxSports_1280,2010-05-17T20:56:15,1588,1356745480995282947,2021-02-02T23:25:04,0,07223D,0.625,0.6
131,"Tweets of news, views and more. http://Madison.com is the premier website for news, sports and entertainment in the Madison area.","Madison, WI",,An NFL source confirmed Packers coach Matt LaFleur was set to talk with University of Wisconsin defensive coordinat‚Ä¶ https://t.co/fMQgpTgRIc,,madisondotcom,2009-03-11T20:54:46,37098,1356745487165116417,2021-02-02T23:25:05,0,000000,0.4,1.0
132,2nd Amendment forever.,Wisconsin,,@WokeWoofDog Are you kidding? I have been watching him for years against my Packers. I have always felt he was ever‚Ä¶ https://t.co/4Xhvy1vEDJ,,Socialismisbad2,2020-07-12T17:19:46,38,1356745517175349248,2021-02-02T23:25:13,0,F5F8FA,0.0,0.0
133,| @Packers | @UWBadgers | @UWWhitewater | @BarstoolSports | @PatMcAfeeShow | @100Thieves | @NICKMERCS | @AdinRoss |,Goat City,,"RT @Evan_Flood: Report: Jim Leonhard to interview for Packers vacant defensive coordinator position.

https://t.co/DKYRvOaCFD #Badgers http‚Ä¶",,RKKx7_,2020-06-23T07:56:23,188,1356745555620331523,2021-02-02T23:25:22,0,F5F8FA,0.0,0.0
134,Evolve Real Estate,"Simi Valley, CA",,RT @ManLeeHood: Packers: GM Brian Gutekunst puts a cap on all Aaron Rodgers trade speculation https://t.co/ye1MnQcqw0,,ManLeeHood,2014-11-14T01:01:44,100,1356745603351412736,2021-02-02T23:25:33,0,000000,0.0,0.0
135,"Co-founder/Editor of world famous @ukpackers. Contributed to NBC, 620WTMJ, TMJ4, BBC5Live, TalkSport. Irishman. NFL pundit: @sport1068 Radio Show","Wicklow, Ireland",,RT @daryljobrien: @ukpackers @SteDiddyNFL It's a consoling salve to a harried soul. A soothing balm to an agitated mind. Give it a listen.‚Ä¶,,SteDiddyNFL,2010-05-04T15:47:53,2543,1356745693348704259,2021-02-02T23:25:55,0,C0DEED,0.0,0.0
136,"Washington Post,
Walt Disney Studios,
co-founder Wisecrack","iPhone: 52.374895,4.886534",,"hey, @TJLang70! always liked you as a player. unimpressed by you as the newest ‚Äúhot take‚Äù artist out there.",,mendopolis,2007-03-09T06:34:19,200,1356745876392214528,2021-02-02T23:26:38,0,9AE4E8,0.425,0.8250000000000001
137,Packers and Buckeyes Fan. I live at work.,"Toledo, OH",,"RT @AndyHermanNFL: Expecting an offseason of:

10 reasons Rodgers won't retire a Packer
Here's why Rodgers actually HATES the Packers
The t‚Ä¶",,lagoose21,2010-08-29T19:30:30,115,1356746073843335168,2021-02-02T23:27:25,0,C0DEED,0.0,0.1
138,"I consider myself a Progressive Libertarian. I combine the best of both worlds to promote real solutions.   Open minds, open opportunities",California,,"If the @packers ever want to ""accidentally"" mail me a players jersey, cleats, or any other equipment.  I would be h‚Ä¶ https://t.co/430htYnsSm",,JasonBerky,2010-02-04T23:34:31,340,1356746163458727936,2021-02-02T23:27:47,0,1133AD,-0.125,0.375
139,"We cover D3 Sports News for @MWSNsports | Highlights, Stats, Facts, More | We also cover: #NFL, #NBA, #NHL, #MLB | We #FollowBack",,,"RT @MWSNsports: Green Bay Packers QB Aaron Rogers Spotted With Case Of Beer 

#Beer #GoPackGo #NFL #NFLPlayoffs #Packers #SuperBowl #Touchd‚Ä¶",,d3MWSN,2019-02-01T00:24:13,1810,1356746179711819779,2021-02-02T23:27:51,0,F5F8FA,-0.2,0.3
140,"We cover D3 Sports News for @MWSNsports | Highlights, Stats, Facts, More | We also cover: #NFL, #NBA, #NHL, #MLB | We #FollowBack",,,"RT @MWSNsports: LA Rams Tried Trading For Aaron Rodgers Before Obtaining Matthew Stafford 

#GoPackGo #LARams #NFL #NFLPlayoffs #OnePride #‚Ä¶",,d3MWSN,2019-02-01T00:24:13,1810,1356746183268569089,2021-02-02T23:27:51,0,F5F8FA,0.0,0.0
141,,"Casa Grande, AZ",,@QtEthii @GoatAaronJones https://t.co/ykFzEL85KR,,AnOnYmOuS_1539,2015-09-04T20:19:17,17,1356746315229659136,2021-02-02T23:28:23,0,C0DEED,0.0,0.0
142,,,,"@e_knifongTV @nikgazcs @TheJShield @RETR074 @Buccaneers Yeah, the Bucs went 2-0 against Saints and Packers in White, so they stuck with it",,KrWx16,2010-09-26T08:42:55,12,1356746344837378053,2021-02-02T23:28:30,0,C0DEED,0.0,0.0
143,The highlights arm of @MWSNsports / #News / #Updates / #Highlights / We #FollowBack / visit our website üëá,United States,,"RT @MWSNsports: Green Bay Packers QB Aaron Rogers Spotted With Case Of Beer 

#Beer #GoPackGo #NFL #NFLPlayoffs #Packers #SuperBowl #Touchd‚Ä¶",,TNSNsports,2018-11-20T14:34:36,1825,1356746439494361091,2021-02-02T23:28:52,0,F5F8FA,-0.2,0.3
144,The highlights arm of @MWSNsports / #News / #Updates / #Highlights / We #FollowBack / visit our website üëá,United States,,"RT @MWSNsports: LA Rams Tried Trading For Aaron Rodgers Before Obtaining Matthew Stafford 

#GoPackGo #LARams #NFL #NFLPlayoffs #OnePride #‚Ä¶",,TNSNsports,2018-11-20T14:34:36,1825,1356746447429992449,2021-02-02T23:28:54,0,F5F8FA,0.0,0.0
145,"The Journal Times is Racine County's daily newspaper and website, reaching 75% of adults in Racine County every week.",,,An NFL source confirmed LaFleur was set to talk with University of Wisconsin defensive coordinator Jim Leonhard abo‚Ä¶ https://t.co/kxou99YDFE,,Journaltimes,2009-02-04T18:42:52,6548,1356746492082589698,2021-02-02T23:29:05,0,FFFFFF,0.4,1.0
146,I well always Love my Ohio State Buckeyes. I well Also love my Team Hendrick.,,,@packers please go in add @JJWatt  to are team please. What you say JJ,,brian2526,2009-08-26T05:32:41,74,1356746544503005185,2021-02-02T23:29:17,0,C0DEED,0.0,0.0
147,The time for honoring yourself will soon be at an end.,"Seabrook, TX",,RT @LilySZhao: Here it is: the best of #Packers Jamaal Williams in the locker room this season. Enjoy. https://t.co/Kr8fPJbPY5,,Kris4647,2009-12-06T06:59:30,185,1356746556557426689,2021-02-02T23:29:20,0,C0DEED,0.7,0.4
148,"Binghamton's Sports Station. Home of @claytravis, @dpshow, @ColinCowherd and @GotliebShow. Make Your Vote Count, Binghamton:","Binghamton, NY",,Packers QB Jordan Love joins The Doug Gottlieb Show! https://t.co/I9187PeHuc,,FOXSports1430,2009-02-04T17:05:56,720,1356746569392005128,2021-02-02T23:29:23,0,131516,0.625,0.6
149,All News RSS Green Bay Packers #Packers #GoPackGo  #PackerNation #BleedGreenandGold  #CheeseHeads FF: Titletown Pack YFF: Lombardi Legacy,,,"He looks like Lombardi, talks like Lombardi; NFL channels legendary Packers coach for Super Bowl commercial‚Ä¶ https://t.co/wT6IbuPwU4",,GBPack2Fan,2014-09-11T15:51:16,1325,1356746608453406720,2021-02-02T23:29:33,0,000000,0.6666666666666666,0.8333333333333333
150,a very opinionated sports fan,,,"RT @BearsOnTap: Happy Birthday to the Father of the Bears/NFL. He‚Äôs everyone‚Äôs daddy, including the Packers. https://t.co/5w2qLgOdkD",,CV7_Omega,2019-03-13T19:43:51,99,1356746706365333525,2021-02-02T23:29:56,0,F5F8FA,0.8,1.0
151,,,,Aaron Rodgers is 'hell-bent on revenge' against Packers: TJ Lang https://t.co/FCuOVfo5pL,,SportsDude61,2016-11-27T22:05:51,123,1356746757259075590,2021-02-02T23:30:08,0,F5F8FA,0.0,0.0
152,Southwestern Wisconsin News Leader.,"La Crosse, Wisconsin",,An NFL source confirmed LaFleur was set to talk with University of Wisconsin defensive coordinator Jim Leonhard abo‚Ä¶ https://t.co/77j7SMcl1U,,LaCrosseTribune,2009-02-13T19:08:40,9600,1356746765677039620,2021-02-02T23:30:10,0,B4C6DC,0.4,1.0
153,"Burner account. Tweets about the Badgers, Packers, Bucks, Braves, soccer, pro wrestling, gambling, the occasional political hot take, and general tomfoolery.",On Wisconsin,,"When I say losing Leonhard would be catastrophic, this is what I‚Äôm talking about. Plus his recruiting excellence.",,j__1252,2010-06-21T18:23:00,436,1356746790159187968,2021-02-02T23:30:16,0,000000,0.0,0.0
154,The Public Relations arm of @MWSNsports / #News / #Updates / #Highlights / We #FollowBack / visit our website üëá,"Michigan, USA",,"RT @MWSNsports: Green Bay Packers QB Aaron Rogers Spotted With Case Of Beer 

#Beer #GoPackGo #NFL #NFLPlayoffs #Packers #SuperBowl #Touchd‚Ä¶",,MWSNpr,2018-12-09T00:25:51,1483,1356746816482664450,2021-02-02T23:30:22,0,F5F8FA,-0.2,0.3
155,The Public Relations arm of @MWSNsports / #News / #Updates / #Highlights / We #FollowBack / visit our website üëá,"Michigan, USA",,"RT @MWSNsports: LA Rams Tried Trading For Aaron Rodgers Before Obtaining Matthew Stafford 

#GoPackGo #LARams #NFL #NFLPlayoffs #OnePride #‚Ä¶",,MWSNpr,2018-12-09T00:25:51,1483,1356746823747125248,2021-02-02T23:30:24,0,F5F8FA,0.0,0.0
156,"Designer. Beach goer. Beer drinker.
Vamos Rams! üêèüêèüêè 
Dale Dale Black n Gold! üñ§üíõüñ§
Go Kings Go! üëëüëëüëë
Let's Go Dodgers! üíôüíôüíô","Los Angeles, CA",,"@RamblinFan Didn't mean to sound like a jerk. A lot of fans jumped onto other successful franchises like Packers, N‚Ä¶ https://t.co/phPq1BZdpi",,vanwallen,2009-06-28T12:32:13,172,1356746901362593796,2021-02-02T23:30:43,0,242424,0.178125,0.6031249999999999
157,American Hip Hop artist/song writer/  and your drunk uncles role modelü•Éüí®üñïüèºüêùüí™‚úäüíØüé§üî•üî•,"Florida, USA",,@BookOfEli_NFL @RealSkipBayless breath smell like A Hot CoCc Meat Samich! U hate us cuz u ain‚Äôt us! @AaronRodgers12‚Ä¶ https://t.co/xbC6f8O5dk,,therealbigbuzz,2016-04-06T02:26:46,164,1356746988910497792,2021-02-02T23:31:03,0,F5F8FA,-0.34375,0.875
158,18 || WJ lax ‚Äò21 || WPU lax ‚Äò25,"Utah, USA",,"RT @BearsOnTap: Happy Birthday to the Father of the Bears/NFL. He‚Äôs everyone‚Äôs daddy, including the Packers. https://t.co/5w2qLgOdkD",,kenzwinget,2018-08-05T04:37:32,196,1356747001694547968,2021-02-02T23:31:07,0,F5F8FA,0.8,1.0
159,100% HEMP CBD #sportstherapyevolved,USA,,"RT @BigShowNetwork: Wendy's Big Show today at 10am:

- Would hiring Jim Leonhard be better for the #Packers or worse for the #Badgers?
- Ho‚Ä¶",,NeuroXPF,2016-08-28T05:48:56,413,1356747058460327936,2021-02-02T23:31:20,0,F5F8FA,0.033333333333333326,0.39999999999999997
160,‚ÄúI‚Äôve been comin to where I am/from the get go‚Äù,Brooklyn til i die,,@TheSportsDrop1 Sorry @packers fans aren‚Äôt allowing those uniforms,,spursphan,2010-01-10T00:37:14,357,1356747089653489671,2021-02-02T23:31:27,0,022330,-0.5,1.0
161,Newark/Burlington NJ Naval Vet USPS Retired,Raleigh NC,,@PHLEaglesNation Norm Van Brocklin. Only one to beat Lombardi Packers.,,gray031056,2015-12-08T15:13:53,57,1356747105059168262,2021-02-02T23:31:31,0,C0DEED,0.0,1.0
162,"Bay Area born and raised! Big Boss Man @ Pistos Y Gritos. Packers, üëçüèº. A's, üëçüèº. And as always,  Stay Trucha!",,,The weird void of no #Packers football and no #OaklandAs baseball has me going bananas. Guess I'll just get fat,,Lobo_Villafana,2013-04-15T19:38:44,85,1356747106732544000,2021-02-02T23:31:32,0,C0DEED,-0.5,1.0
163,"Owner/Operator: J&K Appliance Sales & Service
1st Responder","Glasgow, KY",,IMAGINE THAT!! A team w/SB hopes &amp; Playoff Contender looking at GREAT defensive minds who can bring differing persp‚Ä¶ https://t.co/hRVDvmFodr,,CoachPlayBetter,2011-10-09T20:52:35,86,1356747112806027265,2021-02-02T23:31:33,0,C0DEED,0.8,0.75
164,"Rapaz bem disposto, marido apaixonado, pai babado e m√∫sico wannabe!",,,@ElevenSports_PT @aquilespintoPT @NunoElfuser Bucs. N√£o aceito que os Packers tenham perdido para a SEGUNDA melhor equipa!,,RicSantini,2014-05-26T13:08:00,80,1356747170460934144,2021-02-02T23:31:47,0,000000,0.0,0.0
165,‡øê she ‚åó her üå±,                                      the album is yours.                                                                         i am yours. ,,"hi, harry! here are some reasons you should follow me:

1. i live in wisconsin so i‚Äôm also a green bay packers fan!‚Ä¶ https://t.co/70Ihdy3lLZ",,lovehslot,2018-11-23T17:42:30,1873,1356747215444787201,2021-02-02T23:31:57,0,F5F8FA,-0.03181818181818183,0.4
166,,,,Breaking News: Aaron Rodgers and @GridironPackers  will NOT face any punishment for allegedly violating gridiron pl‚Ä¶ https://t.co/Au0DQVT6UR,,grdirn_skip,2021-02-01T05:19:56,5,1356747234541506563,2021-02-02T23:32:02,0,F5F8FA,-0.1,0.1
167,100% HEMP CBD #sportstherapyevolved,USA,,"RT @RadioJoeSports: Wendy's Big Show today at 10am:

- Would hiring Jim Leonhard be better for the #Packers or worse for the #Badgers?
- Ho‚Ä¶",,NeuroXPF,2016-08-28T05:48:56,412,1356747240908357633,2021-02-02T23:32:04,0,F5F8FA,0.033333333333333326,0.39999999999999997
168,Online reporter/producer at Wisconsin State Journal (https://t.co/xkgjFc1Ove) and Lee Enterprises. Owner of https://t.co/v0n4NQWmus. Professional bowler. USBC Hall of Famer.,"Madison, WI",,RT @madisondotcom: An NFL source confirmed Packers coach Matt LaFleur was set to talk with University of Wisconsin defensive coordinator Ji‚Ä¶,,JeffRichgels,2009-02-15T19:58:31,4661,1356747258142879746,2021-02-02T23:32:08,0,C0DEED,0.4,1.0
169,,"Tomah, WI",,"RT @Evan_Flood: Report: Jim Leonhard to interview for Packers vacant defensive coordinator position.

https://t.co/DKYRvOaCFD #Badgers http‚Ä¶",,JohnBen52203228,2017-06-24T15:15:28,64,1356747270516060161,2021-02-02T23:32:11,0,F5F8FA,0.0,0.0
170,100% HEMP CBD #sportstherapyevolved,USA,,"RT @AM1320_WFHR: TOPICS
-Would hiring Jim Leonhard be better for the Packers or worse for the Badgers?
-How do you view the outlook of Jord‚Ä¶",,NeuroXPF,2016-08-28T05:48:56,412,1356747341743722504,2021-02-02T23:32:28,0,F5F8FA,0.04999999999999999,0.55
171,‡øê she ‚åó her üå±,                                      the album is yours.                                                                         i am yours. ,,"hi, @Harry_Styles ! here are some reasons you should follow me:

1. i live in wisconsin so i‚Äôm also a packers fan!‚Ä¶ https://t.co/uoKu859YKm",,lovehslot,2018-11-23T17:42:30,1873,1356747431376023552,2021-02-02T23:32:49,0,F5F8FA,0.13636363636363635,0.5
172,,,,@RobTonJr loved the way you played this year. Man what a powerful statement you made at the TE position. Thanks for‚Ä¶ https://t.co/W2zB2hPNdD,,Christo13346611,2020-11-15T00:17:45,0,1356747481887895552,2021-02-02T23:33:01,0,F5F8FA,0.39999999999999997,0.6666666666666666
173,I enjoy rapping,,,RT @RogGoHome: 3yrs ago when Packers broke my heart ! https://t.co/NnaapZSDbA,,BlancoSlimBaby,2011-12-15T07:14:52,909,1356747540281118723,2021-02-02T23:33:15,0,131516,0.0,0.0
174,Probably tweeting about my sports teams. Podcast: https://spoti.fi/36zzsNR | Marquette '22,"Milwaukee, WI",,Could this be a potential shot at the Packers organization by saying that their clock is ticking? Next on Undisputed,,nathanmarzion,2018-12-02T21:42:12,12640,1356747561344892930,2021-02-02T23:33:20,0,F5F8FA,0.0,0.5
175,Hijo de Aurora / Hermano de H√©ctor / Mi mundo en dos L / Derecho Fiscal / Fif√≠ / 80‚Äôs / Cul√© / Chemo / Dolfan / Cat√≥lico / Team Aerom√©xico,"Distrito Federal, M√©xico",,"@Rubenibg No mientas Rub√©n, todos sabemos que quieres ‚Äòmatar‚Äô a Ulises por andar pateando a los Packers toda la temporada üòÖüòÇü§£",,MrFerContreras,2015-11-06T15:01:38,257,1356747644857704453,2021-02-02T23:33:40,0,C0DEED,0.0,0.0
176,"Madden 21 @ComboLg member. 

Time to get right üí™üèªüò§",Germany,,"GB comes out with the 42-24 win against the Falcons. A rough first half with turnovers made it tough for GB, but a‚Ä¶ https://t.co/wrN5BznjW4",,ComboProphet,2016-01-25T15:17:36,24,1356747703724761091,2021-02-02T23:33:54,0,F5F8FA,0.07888888888888891,0.42666666666666664
177,Shwuab,"Green Bay, WI",,RT @nathanmarzion: Could this be a potential shot at the Packers organization by saying that their clock is ticking? Next on Undisputed,,termpe12,2017-03-04T22:33:17,78,1356747725447041024,2021-02-02T23:33:59,0,F5F8FA,0.0,0.5
178,NCWC Alum / NC State Alum / Former College Athlete / Sports Fanatic / Proud to be from the NC coast. ‚ÄúSomething bout a boat gives a man hope.‚Äù - Jimmy Buffett,NC ,,If he doesn‚Äôt it is highway robbery.  #AaronRodgers #GoPackGo #NFL #NFLMVP,,packattack2613,2009-06-04T13:34:35,431,1356747733672091649,2021-02-02T23:34:01,0,CF0426,0.0,0.0
179,@GregScalzo and @BenBrust Mon-Fri from 4P-6P on @ESPNMadison and @ESPNMilwaukee. Listen on the @ESPN APP,"Wisconsin, USA",,"The #Packers have to decide how to handle Aaron Rodgers last years as a Packer. 

Should the #Packers sacrifice the‚Ä¶ https://t.co/QWwzCGNcyE",,ScalzoandBrust,2018-03-10T02:47:39,1963,1356747738575212544,2021-02-02T23:34:02,0,F5F8FA,0.0,0.06666666666666667
180,"Madison's number one source for all things Wisconsin sports! Now Madison's exclusive home of the Milwaukee Bucks. Packers, Badgers, Brewers, and Preps.","Madison, WI",,"RT @ScalzoandBrust: The #Packers have to decide how to handle Aaron Rodgers last years as a Packer. 

Should the #Packers sacrifice the fut‚Ä¶",,ESPNMadison,2009-04-15T18:05:14,12431,1356747806510362625,2021-02-02T23:34:18,0,1A1B1F,0.0,0.06666666666666667
181,Turn Upüéô,,,"RT @Alex__Monaco: Super Bowl GAMBLING TALK ALL WEEK!! üéôüèàüèÜ

We‚Äôre staring at the 2nd HIGHEST OVER/UNDER Super Bowl Sunday TOTAL ever at 56.5‚Ä¶",,TheVolumeSports,2020-08-21T16:16:42,12728,1356747893173067779,2021-02-02T23:34:39,0,F5F8FA,0.21354166666666663,0.5208333333333333
182,"Find your method, rinse, repeat & refine. The ingredients for growth never change, they just get better.",,,@MarkPalmerSays Packers are not in the Superbowl,,WellnessWesley,2020-12-07T10:29:35,191,1356747949431283712,2021-02-02T23:34:52,0,F5F8FA,0.0,0.0
183,Just an average hardworking American. Socialist. Satanist. Nerd. He/Him. ‚ÄúDomestic Terrorist‚Äù. ‚ÄúGross.‚Äù,"Birmingham, AL",,@Whinertroll @BuffaloSabres06 @Buccaneers I don't remember the Packers being in this game.,,obtother,2013-06-02T02:44:21,74,1356747975754723329,2021-02-02T23:34:59,0,C0DEED,-0.4,0.4
184,"The official account for WMTV NBC15 in Madison, WI. üé•üì±üíªüì∫   Tipline: 608-274-1500 | Email: news@nbc15.com | Instagram @nbc15_madison | Facebook @NBC15Madison","Madison, WI",,"The Green Bay Packers will interview current Badgers DC, Jim Leonhard, according to reports. https://t.co/ej96YS705s",,nbc15_madison,2008-09-25T19:19:06,59196,1356747980322275329,2021-02-02T23:35:00,0,07268A,-0.1,0.35
185,,"Pennsylvania, USA",,@BalkmanMichael @leolor222 @Toni2481 @PFF I still don‚Äôt think so. You could pick up some random free agent on a min‚Ä¶ https://t.co/bb7pelYP2u,,SplashStevens30,2017-06-01T12:57:29,127,1356747984617234432,2021-02-02T23:35:01,0,F5F8FA,-0.04999999999999999,0.65
186,,,,Sports media is trying to manifest an Aaron Rodgers beef with the Packers,,_KevinOhlendorf,2012-03-05T23:19:31,393,1356748071871340544,2021-02-02T23:35:22,0,C0DEED,0.0,0.0
187,"For Risk Takers and Visionaries Everywhere
Cash App: ¬£TCRAK
Subscribe: http://thecarnagereport.substack.com/p/coming-soon",LONDON,,The Dolphins made a mistake playing Tua when they were winning with Fitzmagic under center. They should have stuck‚Ä¶ https://t.co/kcIWtd1r5r,,TCRblogspot,2012-05-23T03:22:05,1881,1356748130084093954,2021-02-02T23:35:36,0,1A1B1F,0.2,0.425
188,19 Self Made and Trader: Entrepreneur and Good Looking,"Pompano Beach, FL",,"RT @AndyHermanNFL: If the Saints beat the Bucs the Packers are in the Super Bowl.

If Jared Cook doesn‚Äôt fumble the Saints beat the Bucs.‚Ä¶",,DemarcusCurry19,2020-06-29T17:22:20,1,1356748148807467009,2021-02-02T23:35:40,0,F5F8FA,0.3333333333333333,0.6666666666666666
189,Escritor de televisi√≥n. Bears. Pumas.,M√©xico DF,,@Bears__Nation We have been saying that for decades now. It is so frustrating never being the team to beat... tree‚Ä¶ https://t.co/lOBhAYmyaq,,oscarortizdp,2010-01-12T21:36:26,8784,1356748148941615104,2021-02-02T23:35:40,0,131516,-0.4,0.9
190,Go Pack GoüíöüíõüíöüíõFootball is life Oregon Ducksüíöüíõüíöüíõmom of 3! loyal! IFB üíöüèàüíõ,,,I love getting new Packers merch in the mail! Loving my new hoodie üíõüèàüíö https://t.co/d9L5tVuwGf,,Angela63158481,2020-12-27T17:50:41,631,1356748183703932928,2021-02-02T23:35:48,0,F5F8FA,0.35170454545454544,0.6147727272727272
191,,,,@_m0nkaS @OfficerWinsIow @barstoolsports Yet if he does anything with those drives after the two interceptions they‚Ä¶ https://t.co/GqMr0vcBY4,,johnysquarepla1,2015-10-02T03:17:30,9,1356748233582723072,2021-02-02T23:36:00,0,C0DEED,0.0,0.0
192,"F√£ De M√∫sica Eletr√¥nica, S√≥TrackBoa‚úåüèº 
F√£ de E-sports‚úåüèº- Peaky Blinders üñ§
Manchester United ‚ù§Ô∏è","Birmingham, England",,"@ForaBiroleison @NFLBrasil Pelos n√∫meros e stats, n√£o deveriam mesmo... Packers era infinitamente mais favorito!",,GiovanniCS99,2016-07-04T19:11:28,103,1356748516715073537,2021-02-02T23:37:08,0,000000,0.0,0.0
193,#ColtsNation #iubb,Indiana,,@PatMcAfeeShow @AaronRodgers12 @PatrickMahomes Attn: Colts fans calling for Jacob Eason,,JeremiahTK,2012-06-16T05:19:54,137,1356748530820481027,2021-02-02T23:37:11,0,C0DEED,0.0,0.0
194,"6th gen San Franciscan 8th gen Californian. 80‚ÄôsBaby. I zig, you Zag. 2 secure with myself 4 stand up. #LavaTakes ‚Äúgif recycler‚ÄùTruth Hurts So Good #49erTruther","San Francisco, CA",,"@AaronRodgers12 to @gkittle46 would SMASH 
Records @JohnLynch49ers @JedYork #FTTB https://t.co/GrxDfGrehV",,DankerD,2009-05-01T16:15:34,576,1356748592833130498,2021-02-02T23:37:26,0,C0DEED,0.0,0.0
195,I am a 49ers fan I love Icarly I love sports I love music and books and to laugh I love Jennette McCurdy as well   #theResistance,st louis ,,Aaron Rodgers is ‚Äòhell-bent on revenge‚Äô against Packers: TJ Lang https://t.co/RRgFYDtelp. This is interesting,,1burnman,2011-03-27T01:21:59,288,1356748604313059329,2021-02-02T23:37:29,0,C0DEED,0.5,0.5
196,Music makes life worth living l Secular Humanist l #GoPackGo l #YangGang,,,RT @nathanmarzion: Could this be a potential shot at the Packers organization by saying that their clock is ticking? Next on Undisputed,,colella_sam,2014-06-12T04:18:33,101,1356748607404331008,2021-02-02T23:37:29,0,C0DEED,0.0,0.5
197,"God, family, friends, Bears , Blackhawks, Mets, ND Football, partner in life with @NellysNook16",Denver,,"RT @usaydkoshul: Sutton was just hired by the #Jaguars as a Senior defensive assistant. Pettine, however is still available for hire.",,ChiBears1985,2009-07-30T15:45:11,473,1356748610805911554,2021-02-02T23:37:30,0,000000,0.4,0.4
198,,,,"RT @caplannfl: If Pettine coaches this season, good chance it's with #Bears as senior defensive asst.

New DC calling plays for first time.‚Ä¶",,DaveShreeve,2010-05-04T04:49:08,459,1356748617713860609,2021-02-02T23:37:32,0,1F2F1F,0.3621212121212121,0.46262626262626266
199,"Investor, Musician, Humanist, Ironman",,,@Aviation_Intel Love the Green Bay Packers colors!,,DaveFrankson,2011-09-08T12:08:20,11,1356748646231011332,2021-02-02T23:37:39,0,C0DEED,0.125,0.44999999999999996
200,the juice is temporary but the sauce.. now that‚Äôs forever | UW-Madison 24‚Äô,"Wisconsin, USA",,please don‚Äôt hire Leonard. I need him to stay,,Erik_L5,2015-05-03T23:34:03,460,1356748649880051714,2021-02-02T23:37:39,0,C0DEED,0.0,0.0
